name,bus
Load_at_113,113
Load_at_23,23
Load_at_33,33
Load_at_82,82
Load_at_87,87
Load_at_24,24
Load_at_76,76
Load_at_18,18
Load_at_36,36
Load_at_117,117
Load_at_44,44
Load_at_1,1
Load_at_83,83
Load_at_43,43
Load_at_7,7
Load_at_109,109
Load_at_42,42
Load_at_94,94
Load_at_63,63
Load_at_14,14
Load_at_56,56
Load_at_28,28
Load_at_128,128
Load_at_65,65
Load_at_22,22
Load_at_119,119
Load_at_46,46
Load_at_92,92
Load_at_126,126
Load_at_16,16
Load_at_101,101
Load_at_100,100
Load_at_98,98
Load_at_80,80
Load_at_84,84
Load_at_79,79
Load_at_81,81
Load_at_27,27
Load_at_40,40
Load_at_99,99
Load_at_48,48
Load_at_20,20
Load_at_96,96
Load_at_11,11
Load_at_73,73
Load_at_54,54
Load_at_51,51
Load_at_106,106
Load_at_19,19
Load_at_58,58
Load_at_77,77
Load_at_13,13
Load_at_70,70
Load_at_37,37
Load_at_120,120
Load_at_64,64
Load_at_5,5
Load_at_71,71
Load_at_102,102
Load_at_61,61
Load_at_25,25
Load_at_32,32
Load_at_86,86
Load_at_68,68
Load_at_4,4
Load_at_72,72
Load_at_30,30
Load_at_85,85
Load_at_122,122
Load_at_115,115
Load_at_104,104
Load_at_41,41
Load_at_89,89
Load_at_35,35
Load_at_110,110
Load_at_52,52
Load_at_66,66
Load_at_47,47
Load_at_74,74
Load_at_60,60
Load_at_10,10
Load_at_15,15
Load_at_69,69
Load_at_112,112
Load_at_38,38
Load_at_103,103
Load_at_124,124
Load_at_39,39
Load_at_53,53
Load_at_9,9
Load_at_111,111
Load_at_12,12
Load_at_123,123
Load_at_29,29
Load_at_55,55
Load_at_95,95
Load_at_57,57
Load_at_2,2
Load_at_6,6
Load_at_114,114
Load_at_26,26
Load_at_34,34
Load_at_97,97
Load_at_50,50
Load_at_91,91
Load_at_90,90
Load_at_118,118
Load_at_108,108
Load_at_125,125
Load_at_121,121
Load_at_45,45
Load_at_31,31
Load_at_107,107
Load_at_78,78
Load_at_59,59
Load_at_17,17
Load_at_88,88
Load_at_67,67
Load_at_114,114
Load_at_29,29
Load_at_6,6
Load_at_30,30
Load_at_18,18
Load_at_34,34
Load_at_100,100
Load_at_36,36
Load_at_115,115
Load_at_38,38
Load_at_99,99
Load_at_40,40
Load_at_77,77
Load_at_9,9
Load_at_112,112
Load_at_77,77
Load_at_110,110
Load_at_42,42
Load_at_55,55
Load_at_80,80
Load_at_58,58
Load_at_98,98
Load_at_102,102
Load_at_14,14
Load_at_61,61
Load_at_37,37
Load_at_27,27
Load_at_96,96
Load_at_29,29
Load_at_101,101
Load_at_50,50
Load_at_101,101
Load_at_87,87
Load_at_1,1
Load_at_35,35
